date,docID,refDocID,0,1,2,3,4,5,6,7,8,9,10,11,12,13,14,15,16,17,18,19
2015-08-24,202439,-1,brazil,mon,site,time,country,economy,fiscal,follow,link,banned,rousseff,decision,dont,policy,economic,pmdb,party,grade,investment,government
2015-08-26,203844,-1,market,stock,fed,debt,policy,financial,relative,rate,fiscal,major,markets,time,metrics,investors,credit,economy,price,currently,equity,government
2015-08-27,158058,-1,quarter,pace,spending,gdp,upward,estimate,percentage,advanced,profits,advance,initial,revision,growth,annual,thats,quarters,economy,strongest,faster,inventory
2015-08-27,203683,-1,share,psec,million,fiscal,quarter,fourth,company,psecs,investment,reported,companys,net,nav,nii,projections,income,projection,portfolio,projected,appreciation
2015-08-27,203699,-1,global,fed,policy,markets,economic,fiscal,inflation,current,monetary,tightening,chinese,eurozone,budget,economy,groupthink,crisis,week,reserve,growth,parochial
2015-08-28,157872,-1,quarter,million,market,fiscal,business,prior,megapixel,china,markets,sales,compared,product,automotive,margin,call,thank,approximately,products,growth,continue
2015-08-28,202668,-1,saudi,oil,government,fri,spending,sat,peak,billion,debt,arabia,prices,war,reserves,market,military,site,fx,follow,link,time
2015-08-31,159252,-1,news,government,primary,deficit,budget,congress,percent,reuters,public,business,revenue,barbosa,raise,spending,brazil,credit,borrowing,rousseff,lawmakers,earlier
2015-08-31,202798,202439,budget,fiscal,gdp,site,government,primary,deficit,follow,mon,proposal,link,banned,brazil,growth,president,sources,surplus,print,tax,financial
2015-09-01,159290,-1,frsh,company,fiscal,franchise,frshs,million,premium,multiple,alpha,sss,growth,assetlight,seeking,stock,companys,pro,margin,franchisees,currently,increase
2015-09-01,159294,159290,fiscal,sbux,premium,million,stock,sp,alpha,seeking,past,multiple,business,company,reaching,pro,margin,strong,consensus,starbucks,basis,growth
2015-09-01,159303,159294,fiscal,vnce,stock,million,sp,alpha,vnces,seeking,past,multiple,business,trading,fcf,reaching,pro,margin,consensus,basis,discount,segment
2015-09-01,159577,159294,fiscal,sp,vsis,past,company,million,alpha,vsi,ratio,seeking,stock,multiple,revenue,vitamin,premium,reaching,pro,forward,consensus,contract
2015-09-01,159656,-1,spending,construction,percent,news,july,outlays,reuters,level,private,rose,business,quarter,nonresidential,sector,increased,economy,providing,largest,solid,minutes
2015-09-01,159906,-1,construction,spending,economy,growth,months,previous,overall,secondquarter,rate,economics,revised,third,quarter,bank,below,improving,news,suggesting,decades,worst
2015-09-01,159943,159656,spending,percent,construction,news,july,economy,level,sector,fell,data,business,reading,factory,reuters,month,manufacturing,index,dollar,government,private
2015-09-01,160077,157872,sales,fiscal,million,market,quarter,business,growth,firstfit,markets,europe,guidance,aftermarket,jim,decline,company,tod,look,share,expect,thats
2015-09-02,160369,157872,million,fiscal,quarter,company,lifevantage,distributors,revenue,compared,sales,growth,fourth,stock,call,product,direct,selling,business,plan,results,industry
2015-09-02,160382,-1,spending,healthcare,percent,age,mean,cost,alpha,personal,seeking,dividends,household,stocks,pro,health,dollar,consumption,investors,gdp,sector,product
2015-09-02,160610,160369,million,revenue,license,fiscal,quarter,customers,tier,data,term,thats,services,customer,business,nongaap,call,fourth,insurancesuite,total,expect,rd
2015-09-02,160695,159656,advertising,percent,news,spending,growth,media,digital,thai,economy,reuters,market,forecast,online,business,ad,video,world,consumers,thakol,overall
2015-09-02,161076,159294,fiscal,mmm,company,billion,past,balance,trading,sp,premium,alpha,margin,sheet,seeking,multiple,due,fcf,reaching,pro,strong,consensus
2015-09-02,161082,159303,flws,fiscal,discount,past,stock,trading,revenue,sp,alpha,margin,flwss,growth,seeking,multiple,company,fcf,million,relative,reaching,market
2015-09-02,161252,159252,news,rousseff,fiscal,brazils,reuters,levy,budget,finance,business,temporary,minutes,congress,delayed,weakened,primary,thomson,deficit,information,worlds,nasdaq
2015-09-03,161808,159656,spending,construction,level,july,pro,alpha,private,seeking,peak,rose,singlefamily,remained,below,nonresidential,residential,seen,thank,june,increased,reached
2015-09-03,161836,160369,business,growth,quarter,fiscal,ebitda,million,revenue,segment,fourth,adjusted,development,customers,product,performance,technologies,slide,constant,financial,okay,mix
2015-09-05,164203,-1,economy,consumer,china,spending,gdp,growth,consumption,chinese,services,entrepreneurs,able,percent,percentage,transition,chinas,consumers,alpha,government,time,means
2015-09-06,164486,164203,consumers,inflation,taxes,spending,wages,prices,tax,local,spend,gas,commodities,means,alpha,time,consumer,seeking,continue,impact,wage,governments
2015-09-07,164866,-1,infrastructure,spending,investment,pro,alpha,bridges,time,seeking,crumbling,economy,america,billion,thank,economies,dams,average,sitting,create,decades,shortly
2015-09-08,165507,203699,policy,fed,market,rates,growth,monetary,falling,markets,china,prices,question,expectations,commodity,yuan,real,capital,isnt,economy,mean,believes
2015-09-08,165509,161082,company,matrix,fiscal,project,service,growth,eps,epc,revenue,million,construction,doubledigit,acquisition,quarter,alpha,share,billion,seeking,track,expectations
2015-09-08,166219,161836,million,fiscal,quarter,revenues,ebitda,business,fourth,north,adjusted,oil,leasing,pricing,call,rate,time,approximately,gas,compared,customers,yes
2015-09-09,166621,159943,oil,news,percent,government,income,reuters,budget,finance,mexico,drop,spending,videgaray,output,cut,business,company,bank,economy,gdp,million
2015-09-09,166626,165507,news,debt,monetary,policy,kocherlakota,economy,fed,reuters,rates,risk,public,business,fiscal,minutes,federal,market,delayed,lower,instability,official
2015-09-09,167152,161252,news,reuters,spending,business,measure,minutes,bill,consideration,congress,delayed,house,government,boehner,decisions,thomson,information,finance,worlds,nasdaq,temporary
2015-09-09,167265,161836,fiscal,revenue,million,ebitda,growth,pass,mountain,season,adjusted,segment,currency,call,prior,basis,resorts,guidance,increased,results,estate,range
2015-09-09,167365,166621,rousseff,news,government,brazils,programs,business,economy,minister,taxes,levy,spending,percent,austerity,tax,social,cut,budget,finance,credit,billion
2015-09-10,167819,160369,million,quarter,fourth,fiscal,net,facility,coffee,call,income,customers,nongaap,financial,plan,relocation,corporate,torrance,phase,cost,compared,sales
2015-09-10,167896,202439,wed,brazil,sp,gdp,follow,fiscal,site,link,banned,dont,growth,real,economy,vs,brazilian,heres,cock,political,shit,policy
2015-09-10,167934,165509,giii,apparel,fiscal,revenue,quarter,company,million,guidance,eps,income,margin,glance,third,growth,business,net,passing,half,fullyear,companys
2015-09-10,167968,160610,fiscal,million,market,customers,lot,growth,quarter,security,traps,sales,revenue,platform,share,basis,customer,thats,call,business,technology,services
2015-09-10,167972,165509,million,quarter,fiscal,third,compared,project,approximately,development,cash,commercial,expected,revenue,limoneira,property,lewis,acres,period,agribusiness,share,earnings
2015-09-10,168887,167365,news,government,rousseff,austerity,president,congress,measures,thursday,brazil,cut,business,investors,economic,ability,governments,reuters,levy,spending,little,revenues
2015-09-11,168964,160369,million,quarter,revenue,cloud,fiscal,compared,fourth,egain,gross,business,total,call,financial,digital,customers,loss,results,subscription,basis,conference
2015-09-11,169169,164866,infrastructure,sp,global,index,dow,trademark,llc,pro,alpha,jones,seeking,dji,threeyear,fund,investment,companies,thank,hedged,energy,information
2015-09-11,169499,-1,spending,funding,congress,government,fiscal,lawmakers,extension,sequester,december,republicans,shortterm,tax,measures,highway,real,economics,republican,shutdown,planned,bank
2015-09-11,169707,168964,fiscal,quarter,third,million,nine,net,months,compared,call,sales,occ,period,gross,markets,profit,decreased,conference,results,sga,share
2015-09-11,169739,169707,million,quarter,fiscal,sales,fourth,increase,gross,profit,segment,human,products,health,basis,income,share,business,product,net,compared,okay
2015-09-12,170448,167896,site,link,follow,banned,increased,isis,zero,cftc,heres,semi,policies,policy,speculators,actions,hedge,offer,cookie,net,nokia,affirms
2015-09-12,170509,167365,gdp,tax,taxes,budget,federal,spending,pro,alpha,government,individual,seeking,deficit,income,relative,line,growth,billion,thank,past,increased
2015-09-14,171362,166621,news,surplus,government,billion,budget,canada,fiscal,reuters,earlier,percent,run,deficits,deficit,finance,business,economy,plan,april,measure,canadas
2015-09-14,171862,167152,news,billion,budget,reuters,measures,government,reais,business,subsidies,minutes,delayed,spending,cuts,thomson,information,cut,finance,revenue,credit,worlds
2015-09-14,171870,171862,news,budget,reuters,billion,business,revenue,sources,minutes,delayed,spending,cuts,reais,thomson,information,finance,worlds,nasdaq,alerts,television,bridging
2015-09-15,172129,167819,fiscal,million,customers,weve,cash,time,programs,commercial,quarter,customer,call,supply,agreement,financial,fourth,thank,existing,sales,thats,okay
2015-09-15,172163,-1,pqe,rate,government,target,reserve,ior,balances,boe,central,bank,spending,qe,banks,table,omfg,operations,debt,pvd,policy,inflationary
2015-09-15,172286,171362,percent,fiscal,growth,news,spending,economy,chinas,reuters,yuan,china,rose,economic,investment,august,local,trillion,yy,earlier,biggest,economists
2015-09-15,172451,-1,spending,app,budget,help,personal,track,accounts,financial,free,mint,set,finance,credit,create,save,apps,time,easy,complete,finances
2015-09-15,172460,159943,percent,news,sales,spending,production,factory,month,output,auto,retail,stores,data,july,economy,fed,reuters,market,manufacturing,drop,strong
2015-09-15,172803,171870,news,rousseff,reuters,business,brazils,minutes,delayed,spending,government,reduction,announce,ministries,thomson,information,cut,finance,worlds,nasdaq,alerts,television
2015-09-15,173092,171362,news,percent,reuters,bill,economy,fiscal,argentinas,budget,government,policies,primary,domestic,business,economic,minutes,delayed,compared,projected,markets,inflation
2015-09-15,173184,168964,quarter,fiscal,fourth,million,revenue,dover,compared,gross,margin,margins,acquisition,contract,call,waller,pipeline,continue,weve,services,terms,increase
2015-09-16,173170,167968,fiscal,million,fuel,business,school,revenue,growth,contracts,net,thats,literally,weve,cost,operating,increase,lot,results,bus,range,buses
2015-09-16,173388,157872,fiscal,quarter,million,growth,sales,fourth,approximately,basis,business,margin,tonys,mean,earnings,operating,unfi,bit,fuel,net,little,call
2015-09-16,174193,173388,quarter,fiscal,million,store,prior,fourth,sales,operating,increase,revenue,compared,expect,pricing,retail,earnings,cracker,call,information,initiatives,basis
2015-09-16,174321,167152,news,government,mcconnell,bill,senate,reuters,leader,planned,business,fund,funding,minutes,federal,delayed,funds,agency,majority,thomson,parenthood,washington
2015-09-17,174449,173388,quarter,fiscal,growth,nongaap,margin,million,operating,basis,currency,revenue,expect,business,compared,half,look,fourth,ultrasound,strong,thats,call
2015-09-17,175049,-1,debt,government,money,monetary,sovereign,currency,countries,sovereignty,safe,country,governments,value,own,currencies,investment,economic,monetarily,sector,issue,private
2015-09-18,176431,166621,investment,economic,news,government,corbyn,osborne,spending,boe,borrow,bank,reuters,money,labours,britains,britain,voters,times,finance,business,spend
2015-09-19,177065,203699,economic,germany,fiscal,fed,european,risk,qe,ecb,german,eurozone,growth,policy,fomc,global,rates,central,inflation,economies,data,monetary
2015-09-20,177425,166626,policy,monetary,economy,fiscal,yellen,inflation,fed,market,demand,result,rule,keynesian,cause,aggregate,money,offset,instrument,rates,shock,base
2015-09-20,177613,-1,news,infrastructure,reuters,billion,bank,foreign,business,economic,fund,invest,sovereign,central,governor,growth,mobilise,projects,told,rahman,economy,issuing
2015-09-21,178469,177613,fund,news,caisse,infrastructure,pension,mexican,percent,billion,ckd,im,mexico,reuters,manager,investment,energy,business,vehicle,world,minutes,invest
2015-09-22,179551,174321,news,spending,democrats,measure,reuters,bill,defense,vote,senate,republicans,business,fiscal,minutes,failed,delayed,funds,appropriations,tax,government,thomson
2015-09-22,179581,179551,news,reuters,spending,democrats,business,voting,minutes,bill,delayed,mutual,defense,vote,senate,thomson,republicans,information,finance,worlds,nasdaq,alerts
2015-09-23,180235,203844,policy,economy,monetary,tight,fiscal,actually,tax,rates,fed,dont,pretty,markets,government,private,wed,rate,deficit,orcam,below,effect
2015-09-23,180584,172803,news,brazils,reuters,budget,finance,business,key,levy,minutes,delayed,efforts,spending,growth,thomson,information,credit,worlds,nasdaq,minister,alerts
2015-09-24,181205,202668,shutdown,debt,spending,limit,effect,federal,government,wed,deadline,extension,site,week,funding,house,authority,senate,bn,follow,link,banned
2015-09-25,182356,167968,fiscal,million,quarter,revenue,business,billion,ems,customer,call,dms,growth,core,income,earnings,thank,segment,share,outlook,forbes,im
2015-09-25,182418,202439,thu,government,permission,americans,site,follow,link,threat,time,banned,people,immediate,half,freedoms,military,rights,cuz,free,dont,federal
2015-09-25,182670,173092,news,economy,market,consumption,government,business,ma,growth,reuters,chinese,alibaba,opportunity,drive,minutes,jack,delayed,spending,percent,investment,real
2015-09-25,183251,167152,news,house,pelosi,reuters,business,distraction,minutes,delayed,spending,government,resignation,sept,boehner,thomson,information,budget,finance,worlds,step,nasdaq
2015-09-25,183564,172803,news,reuters,business,minutes,delayed,spending,inflation,thomson,debt,brazil,information,finance,bank,worlds,nasdaq,alerts,television,natalia,digital,hay
2015-09-27,184108,170509,quarter,spending,basis,consumer,gdp,personal,strong,reading,brought,pro,alpha,rate,growth,thank,seeking,data,expenditures,product,businesses,inventories
2015-09-27,184215,184108,gdp,prices,oil,spending,low,jobs,consumer,energy,fomc,pro,alpha,coming,rates,rate,seeking,quarters,impact,economy,report,outlook
2015-09-28,184840,159656,percent,spending,news,consumer,economy,inflation,reuters,rate,rose,fed,month,august,increased,business,quarter,investors,grew,earlier,report,key
2015-09-28,184861,184840,percent,news,consumer,spending,data,fed,reuters,market,nasdaq,week,lower,york,shares,eminis,contracts,business,company,trading,dow,sp
2015-09-28,185176,167152,spending,news,bill,congress,planned,conservatives,funds,parenthood,reuters,week,funding,obama,house,government,boehner,stopgap,business,fiscal,military,measure
2015-09-28,185213,172803,news,rousseff,fiscal,reuters,brazils,business,economy,economic,structural,president,largest,difficulties,world,minutes,delayed,spending,agency,corruption,scandal,administration
2015-09-28,185222,172803,news,rousseff,reuters,business,fiscal,minutes,delayed,united,thomson,nations,information,finance,allies,worlds,nasdaq,investors,alerts,television,dilma,plan
2015-09-28,185566,167265,fiscal,season,pass,resorts,million,obviously,growth,strong,results,resort,market,perisher,seeing,city,business,sales,park,vail,utah,ski
2015-09-29,185527,160369,sales,quarter,fiscal,million,products,tax,loss,expense,net,future,compared,stock,investment,preferred,company,deferred,accounting,prettybrook,growth,assets
2015-09-29,185737,-1,fiscal,growth,latin,countries,prices,policy,chile,commodity,six,environment,policies,peru,america,crisis,financial,difficult,colombia,economic,larger,mexico
2015-09-29,185912,160382,government,business,projects,company,contract,infrastructure,companies,investors,lot,example,spending,jobs,people,cities,sector,money,pro,alpha,thats,seeking
2015-09-29,186112,171862,news,spending,billion,government,euros,capital,projects,reuters,tuesday,dublin,increase,cut,budget,average,business,plan,irish,economic,putting,minutes
2015-09-29,186175,177613,news,bank,fiscal,reuters,percent,central,reserves,kenyas,njoroge,position,rate,governor,billion,treasury,july,exchange,budget,business,international,minutes
2015-09-29,186256,169739,fiscal,million,sales,quarter,customers,expect,international,fourth,business,line,revenue,net,compared,additional,product,government,segment,call,believe,potential
2015-09-29,186352,167152,news,bill,congress,spending,house,limit,speaker,fiscal,reuters,wednesday,government,issues,boehner,senate,debt,business,minutes,delayed,oct,tuesday
2015-09-29,186391,186112,spending,news,capital,billion,euros,government,reuters,projects,increase,business,gradually,percent,dublin,growing,ireland,cut,budget,average,economy,plan
2015-09-29,186861,186352,news,spending,house,senate,washington,budget,fiscal,mcconnell,obama,government,boehner,leader,negotiations,reuters,week,congress,wednesday,white,majority,john
2015-09-30,186952,184840,percent,news,spending,consumer,economy,reuters,rate,inflation,fed,month,rose,investors,report,prices,august,increased,increase,business,quarter,grew
2015-09-30,187251,-1,fiscal,gdp,figure,policy,nber,cbo,scale,source,tax,cuts,bea,budget,economy,gray,log,blue,calculations,authors,share,potential
2015-09-30,187252,-1,trade,tpp,policy,vote,congress,balanced,public,fiscal,president,tpa,issues,negotiations,deals,democratic,political,deficits,time,real,agreement,july
2015-09-30,187584,171362,percent,news,fiscal,gdp,billion,deficit,reuters,surplus,bulgaria,rose,finance,business,bank,levs,minutes,delayed,expects,period,compared,august
2015-09-30,187913,185176,defense,news,spending,carter,obama,bill,billion,funds,budget,reuters,veto,war,national,policy,sought,pentagon,business,base,form,limits
2015-09-30,187973,186352,news,spending,billion,rousseff,reuters,congress,delayed,vetoes,reais,judiciary,business,voting,brazils,president,minutes,bill,agency,wednesday,government,delays
2015-10-01,188444,185222,news,oct,policy,reuters,japan,business,economic,week,minutes,delayed,monetary,japans,difficult,ease,thomson,yamamoto,boj,information,finance,static
2015-10-01,189007,183251,news,budget,deficit,structural,valdes,reuters,spending,government,finance,business,balance,goal,bachelet,minister,minutes,delayed,percent,achieving,journalists,administration
2015-10-01,189260,179551,news,spending,democrats,bill,republicans,military,funds,house,defense,reuters,measures,vote,policy,budget,business,ndaa,discretionary,minutes,delayed,obama
2015-10-01,189328,189260,news,spending,bill,house,defense,budget,reuters,democrats,policy,republicans,business,voted,minutes,delayed,obama,funds,authorization,billion,thomson,passed
2015-10-02,189579,186952,news,spending,percent,household,economy,reuters,august,increase,boj,bank,consumers,economists,market,forecasts,oct,government,sales,annual,consumer,ease
2015-10-02,189998,159290,bebe,fiscal,shares,companys,stock,company,million,sales,share,time,liquidity,losses,guidance,bebes,trading,founder,pro,alpha,dollar,look
2015-10-02,190155,187973,rousseff,news,fiscal,government,accounts,delays,reuters,impeachment,court,delayed,decree,ruling,ahead,tcu,rousseffs,public,business,lawmakers,brazils,strengthen
2015-10-02,190340,189260,news,obama,congress,spending,house,bill,budget,fiscal,reuters,funds,government,white,republicans,christmas,business,president,minutes,delayed,barack,agency
2015-10-05,191303,178469,news,infrastructure,osborne,funds,labour,billion,pounds,britain,government,policy,minister,pension,reuters,invest,manchester,finance,business,im,wage,british
2015-10-06,192801,-1,budget,defense,spending,dod,northrop,fy,request,presentation,below,funding,systems,contractor,source,northrops,program,programs,air,force,dods,procurement
2015-10-06,193313,185912,european,capital,infrastructure,cmu,funds,markets,companies,investment,insurers,pension,eu,bonds,insurance,market,pro,alpha,union,seeking,bank,investors
2015-10-06,193453,189260,news,spending,bill,defense,senate,budget,democrats,military,reuters,obama,funds,authorization,vote,national,mccain,republicans,business,ndaa,passage,minutes
2015-10-06,193504,187973,news,rousseffs,brazils,reuters,congress,raise,spending,accounts,government,vetoes,bills,billion,reais,business,attempt,rousseff,minutes,delayed,cabinet,wednesday
2015-10-07,194109,184108,data,construction,manufacturing,spending,growth,ism,below,annualized,investment,time,billion,activity,investors,pro,alpha,prices,residential,basis,housing,fixed
2015-10-07,194299,185222,news,reuters,spending,business,rousseff,minutes,congress,delayed,vetoes,thomson,uphold,information,finance,worlds,nasdaq,alerts,television,dilma,am,digital
2015-10-07,194577,194299,news,reuters,business,minutes,congress,delayed,spending,government,vetoes,thomson,information,finance,worlds,nasdaq,alerts,television,dilma,digital,bolster,lawmakers
2015-10-07,194999,173388,quarter,fiscal,thats,million,sales,little,aerospace,dont,story,actually,total,park,bit,compared,electronics,august,maybe,mean,talking,talk
2015-10-08,195268,-1,spending,gasoline,prices,gas,data,study,consumer,jp,morgan,consumers,real,savings,individuals,report,households,lower,pump,americans,dollar,chase
2015-10-08,195474,-1,policy,seeking,keynesian,economic,alpha,monetary,economics,qe,developed,produce,austrian,pro,government,policies,economies,bank,economy,produced,solution,apparently
2015-10-09,196246,160369,quarter,million,fiscal,sales,beauty,business,foreign,continue,results,impact,call,compared,currency,product,growth,revenue,expect,healthy,savings,inventory
2015-10-09,196455,164866,infrastructure,investors,percent,billion,clark,global,logistics,countries,seeking,regional,zone,spending,pro,alpha,freeport,investment,expected,attract,southeast,economic
2015-10-09,197135,194577,news,fiscal,reuters,shutdown,drama,business,default,fed,minutes,congress,delayed,york,government,journalists,thomson,confidence,debt,information,nomiyama,finance
2015-10-10,197603,185222,government,news,libya,unity,united,national,western,reuters,proposed,political,agreement,country,nations,business,allies,governments,international,minutes,statement,peace
2015-10-12,198678,171862,spending,ministry,government,billion,projects,saudi,finance,news,budget,reuters,money,oil,cuts,bodies,arabia,sources,project,delayed,percent,cancelled
2015-10-13,199653,184108,home,consumer,spending,depot,quarter,households,average,fiscal,worth,pro,alpha,liquidity,seeking,net,market,transaction,look,tickets,sales,thank
2015-10-13,200046,159252,government,reforms,news,economic,sector,demands,reuters,tunisia,political,social,tensions,public,reform,minister,lenders,lack,international,urgent,raise,percent
2015-10-13,200345,182670,trillion,news,sanders,reuters,breakingviews,spending,tax,business,revenue,cost,percent,government,bring,bernie,economy,taxes,free,minutes,indiviglio,market
2015-10-13,200354,189007,news,reuters,spending,tax,spain,budget,finance,business,minutes,offset,delayed,including,security,revenues,social,thomson,deficit,regions,increased,cancel
2015-10-13,200449,157872,fiscal,lightweight,quarter,products,sales,private,thank,business,dont,performance,earnings,oildri,china,label,product,market,lower,accounts,rate,benefit
2015-10-14,201059,200354,news,berlin,refugees,reuters,gabriel,spending,stimulus,package,business,economy,minutes,delayed,germanys,thomson,increased,role,information,taking,finance,billions
2015-10-14,201062,201059,percent,news,spending,growth,refugees,government,economy,reuters,rise,ministry,gabriel,expects,german,demand,consumer,domestic,business,main,berlin,largest
2015-10-14,201075,201062,percent,news,economy,growth,government,ministry,reuters,markets,german,forecast,business,largest,respectively,minutes,delayed,spending,thomson,china,emerging,increase
2015-10-14,201076,166621,news,spending,fiscal,economy,percent,reuters,lot,boost,mchale,council,tax,government,past,cut,finance,expansionary,business,irish,gdp,european
2015-10-14,201077,200345,tax,news,sales,revenue,food,debt,spending,percent,rates,yen,reuters,lower,government,aoki,japans,hike,trillion,public,business,economy
2015-10-14,201258,160077,walmart,news,fiscal,stores,business,percent,share,sales,earnings,company,grocery,reuters,market,dollar,markets,pickup,forecast,billion,chief,january
2015-10-14,201525,201258,walmart,percent,stores,news,fiscal,business,price,markets,share,sales,shares,foran,reuters,drop,earnings,growth,billion,chief,january,company
2015-10-14,201543,190340,news,pension,illinois,fiscal,payments,funds,delay,budget,reuters,munger,revenue,money,delayed,billion,cash,business,comptroller,bonds,largest,fund
2015-10-15,201678,173388,million,business,quarter,fiscal,fourth,chemicals,sales,adjusted,ebitda,growth,compared,due,electronic,call,prior,creosote,lubricants,lower,restructuring,earnings
2015-10-15,204840,186352,debt,treasury,congress,limit,budget,spending,payments,government,cut,federal,default,ceiling,money,pay,house,deficit,cash,spend,nov,run
2015-10-15,204847,167896,government,fiscal,economic,fitch,debt,outlook,negative,political,site,bbb,brazils,growth,brazil,follow,link,banned,policy,international,recession,risks
2015-10-15,204863,182418,government,thu,americans,believe,site,corruption,time,people,follow,link,banned,legal,dont,corrupt,system,control,power,financial,fear,citizenry
2015-10-15,205510,171362,billion,news,budget,deficit,fiscal,percent,treasury,reuters,domestic,business,month,federal,spending,surplus,government,financial,debt,borrowing,lowest,earlier
2015-10-16,205679,196246,sales,quarter,fiscal,million,fourth,currency,product,net,wd,business,margin,foreign,gross,results,exchange,call,rates,due,cost,growth
2015-10-16,205934,-1,gdp,crisis,fiscal,policy,permanent,effects,trend,evidence,paper,pro,alpha,growth,seeking,debt,using,world,summers,monetary,larry,look
2015-10-18,207630,-1,financial,policy,fiscal,initiatives,money,rates,zero,monetary,stimulus,impact,economist,recovery,hedged,dictum,benefits,government,stability,opinion,federal,efforts
2015-10-19,207971,188444,news,policy,fiscal,reuters,euro,expansive,nowotny,business,bank,economic,zone,minutes,delayed,interview,ewald,thomson,information,finance,policymaker,worlds
2015-10-19,208585,194577,news,fiscal,reuters,business,minister,barbosa,paulo,minutes,delayed,target,government,thomson,information,budget,finance,worlds,nasdaq,planning,alerts,television
2015-10-19,208766,171862,news,fiscal,illinois,fitch,budget,reuters,delayed,rating,result,business,credit,level,minutes,bbbplus,impasse,thomson,information,finance,revenue,due
2015-10-19,208925,202798,mon,budget,fiscal,illinois,site,spending,billion,deficit,pension,follow,link,banned,current,chicago,enacted,debt,balance,economic,gap,america
2015-10-20,209085,160077,sales,fiscal,quarter,million,weve,continue,business,stores,company,initiatives,system,share,growth,rate,basis,positive,look,slide,question,talk
2015-10-20,209142,182670,government,news,energy,liberal,reuters,investment,markets,trudeau,conservative,uncertainty,business,economy,canada,plan,infrastructure,international,sector,minutes,stocks,market
2015-10-20,209839,197603,government,news,libya,unity,armed,national,reuters,tripoli,deal,un,rejected,elected,libyas,parliament,lawmakers,recognized,gnc,proposed,house,former
2015-10-20,210288,201076,spending,economy,gdp,economic,fiscal,billion,stimulus,counterfactual,study,form,discussed,infrastructure,resources,figure,tax,half,government,instead,slightly,financial
2015-10-21,210255,-1,etf,spending,performance,ad,tv,asset,rose,quarter,hub,networks,class,scripps,sni,nyse,yield,broadcast,flat,nysesni,dis,screener
2015-10-21,210465,-1,dividend,psecs,fiscal,distributions,psec,cumulative,nii,quarterly,test,net,companys,ratio,quarter,icti,balance,undistributed,reference,million,uti,fourth
2015-10-21,210824,167896,fiscal,impeachment,cunha,president,political,nato,war,site,rousseff,wed,follow,link,request,inflation,banned,future,accounts,house,time,govt
2015-10-21,210968,207971,commission,news,fiscal,european,eu,euro,governments,zone,board,reuters,national,budget,finance,business,international,minutes,delayed,proposed,budgets,body
2015-10-22,212284,204847,monetary,policy,growth,euro,inflation,economic,draghi,qe,site,thu,annual,demand,quarter,follow,link,governing,rates,rate,banned,risks
2015-10-22,213118,204847,fiscal,policy,bank,dominance,brazils,rates,inflation,brazil,central,economist,monetary,debt,economy,economic,level,percent,government,rate,time,debate
2015-10-23,213772,-1,fiscal,myths,government,money,campaign,mainstream,agenda,economic,memes,smith,book,truths,social,policy,deficit,media,debt,firestone,attacks,joe
2015-10-23,214266,167934,margin,fiscal,growth,revenue,margins,company,expansion,investments,following,online,operating,range,edus,economy,yy,lead,oriental,edu,education,eps
2015-10-24,214903,196246,quarter,rd,fiscal,product,contract,million,nve,sales,revenue,company,corporation,expense,eps,business,decrease,compared,half,management,technology,internallyfunded
2015-10-25,215407,189328,news,budget,federal,uae,spending,reuters,emirates,oil,prices,billion,business,international,minutes,delayed,agency,cabinet,slightly,arab,individual,thomson
2015-10-26,216101,185912,infrastructure,canada,investors,spending,billion,liberal,construction,party,transit,coming,government,price,flyer,canam,projects,election,montreal,million,inc,sector
2015-10-26,216282,171870,news,fiscal,reuters,spending,billion,deal,business,source,minutes,congress,delayed,thomson,rise,information,domestic,budget,finance,worlds,nasdaq,alerts
2015-10-26,216319,216282,news,spending,fiscal,reuters,deal,business,source,minutes,congress,delayed,according,billion,thomson,rise,information,domestic,budget,finance,worlds,nasdaq
2015-10-26,216772,205510,news,house,spending,debt,ceiling,reuters,meadows,mulvaney,late,ryan,federal,government,extension,leaders,current,business,mark,stop,borrowing,boehners
2015-10-27,217266,186952,percent,news,spending,business,month,august,quarter,reuters,capital,aircraft,reported,third,production,core,dollar,decline,companies,plans,fell,data
2015-10-27,217750,186352,budget,news,spending,debt,fiscal,congress,house,deal,limit,reuters,ryan,government,billion,added,told,cuts,white,boehner,fellow,additional
2015-10-27,217883,214266,growth,tal,expansion,margin,edu,fiscal,education,yy,tals,quarter,company,lower,valuation,asps,prefer,pe,acceleration,line,top,moment
2015-10-27,218040,217750,spending,news,budget,fiscal,deal,debt,congress,house,ryan,limit,billion,added,told,reuters,government,cuts,boehner,reporters,fellow,additional
2015-10-28,218192,200449,quarter,fiscal,prices,market,volumes,fourth,inventory,performance,operating,impact,average,business,ferrous,earnings,results,nonferrous,sales,lower,steel,significant
2015-10-28,218289,193504,news,bndes,government,billion,debt,fiscal,reais,rousseff,reuters,debts,sources,delayed,accounts,banks,deficit,treasury,finance,business,accounting,minutes
2015-10-28,219234,216282,news,billion,fiscal,budget,reuters,deal,business,pension,minutes,delayed,spending,health,agency,revenues,deficits,thomson,deficit,care,increase,cbo
2015-10-28,219281,198678,oil,budget,news,baghdad,billion,iraqs,spending,government,weapons,zebari,forces,reuters,percent,iraq,military,crude,pay,islamic,revenues,national
2015-10-28,219339,218289,news,fiscal,brazils,reuters,fitch,budget,government,rating,cut,business,minutes,record,burden,delayed,agency,accounts,growing,concern,billion,primary
2015-10-28,219483,217750,spending,government,growth,measure,federal,budget,gdp,economy,economic,congress,cuts,time,real,economics,nonsense,increase,comments,discretionary,news,governments
2015-10-29,219984,173388,quarter,growth,little,bit,fiscal,loan,portfolio,mortgage,expect,call,commercial,rate,weve,net,basis,thats,conference,earnings,maybe,comments
2015-10-29,220260,172286,quarter,growth,third,spending,economy,investment,rate,rose,grew,economic,federal,drop,annualized,strong,exports,firms,pace,slowdown,inventory,economists
2015-10-29,220811,213118,growth,policy,bank,economy,fiscal,percent,economic,reuters,rates,canada,inflation,quarter,infrastructure,canadas,outlook,forecasts,canadian,oil,half,result
2015-10-30,221182,174449,million,fiscal,revenue,product,business,digi,gross,etherios,margin,customers,performance,bluenica,operating,growth,products,compared,quarter,weve,provide,margins
2015-10-30,221386,196455,baidu,spending,billion,investors,percent,company,revenue,online,aggressive,baidus,shares,tieup,ctrip,search,pro,alpha,qunar,yuan,share,buyback
2015-10-30,221546,190340,news,budget,spending,bill,congress,republican,president,reuters,money,obama,government,senate,washington,savings,business,presidency,default,military,measure,minutes
2015-10-30,221601,216282,news,reuters,source,government,yen,budget,finance,business,fiscal,minutes,delayed,spending,plans,thomson,information,govt,japan,domestic,farmers,due
2015-10-30,221765,186952,percent,spending,news,rose,consumer,september,index,august,months,labor,month,personal,gain,rate,inflation,data,business,quarter,report,reuters
2015-10-30,221801,221546,news,budget,spending,congress,republican,bill,obama,president,reuters,money,house,government,senate,washington,savings,business,presidency,default,military,measure
2015-11-01,222151,213118,boj,spending,government,inflation,yen,percent,kuroda,bank,qe,rising,policy,debt,pressure,japans,central,japanese,due,economy,fiscal,gdp
2015-11-03,222658,198678,oil,saudi,news,growth,reuters,spending,percent,prices,governments,market,government,budget,arabia,fiscal,gulf,monetary,uae,business,economists,low
2015-11-03,222987,220811,policy,china,japan,news,bank,monetary,percent,growth,population,economic,chinas,rates,inflation,hole,plan,fiscal,peopleshaped,reuters,chinese,central
2015-11-04,223479,196246,million,quarter,fiscal,revenue,growth,operating,forma,pro,merger,cash,sales,call,endosheath,pc,customers,urgent,results,ago,period,team
2015-11-04,223750,-1,growth,market,solaredge,fiscal,company,following,solar,commercial,sector,cost,penetration,expansion,weakness,due,product,line,bottom,strong,share,months
2015-11-04,223823,212284,policy,markets,policies,policymakers,growth,site,follow,monetary,tue,link,banned,global,future,assets,world,singer,financial,wealth,failure,governments
2015-11-04,224107,-1,spending,month,money,youre,card,credit,life,review,time,doing,category,look,simple,charges,transaction,financial,statements,savings,bank,step
2015-11-04,224388,221182,million,fiscal,revenue,business,currency,quarter,market,blood,growth,constant,officer,chief,customers,disposables,software,teg,plasma,markets,guidance,executive
2015-11-04,224468,194299,news,reuters,billion,business,ep,minutes,delayed,spending,capital,thomson,ceo,information,finance,company,worlds,nasdaq,alerts,television,digital,briefdevon
2015-11-05,224930,209085,fiscal,quarter,expect,growth,qtl,billion,chinese,sales,continue,oems,business,agreements,products,device,approximately,guidance,progress,market,share,terms
2015-11-05,225226,201678,million,quarter,fiscal,business,market,fourth,oled,approximately,service,sales,compared,revenues,call,cash,lower,strong,revenue,panel,tv,period
2015-11-05,225277,196246,quarter,million,fiscal,growth,distributors,revenue,compared,lifevantage,business,plan,call,expect,results,convention,sales,japan,company,based,fourth,product
2015-11-06,226471,225226,million,quarter,fiscal,president,michael,sargent,officer,hartnett,chief,business,executive,rbc,chairman,period,compared,aerospace,sales,call,margins,net
2015-11-06,227430,208585,government,socialists,news,left,parliament,reuters,leftist,talks,business,minister,am,week,friday,prime,vote,election,ousted,deal,budget,portugal
2015-11-06,227501,-1,million,fiscal,project,earnings,production,access,pipeline,gas,prices,capital,development,slide,northern,seneca,call,yes,time,thats,okay,price
2015-11-06,227741,227430,government,left,socialists,news,parliament,communists,business,minister,am,form,reuters,week,leftist,bloc,prime,majority,election,budget,portugal,coalition
2015-11-07,228008,209085,million,fiscal,continue,safety,earnings,capital,rate,share,strategy,market,growth,thank,system,pipeline,atmos,maintenance,remain,plan,income,customers
2015-11-07,228150,224930,growth,quarter,business,broadridge,revenue,fiscal,sales,earnings,strategy,call,guidance,recurring,acquisition,adjusted,longterm,market,acquisitions,closed,continue,including
2015-11-07,228158,225226,fiscal,quarter,million,rguest,revenue,business,compared,lms,solution,subscription,growth,net,period,cash,infogenesis,solutions,adjusted,total,results,increase
2015-11-08,228479,221182,quarter,fiscal,margin,million,revenue,compared,dover,project,services,acquisition,margins,contract,call,business,backlog,gross,loss,question,companys,growth
2015-11-08,228480,225226,sales,fiscal,million,quarter,business,margins,product,lower,share,cash,industrial,medical,program,weve,line,restructuring,markets,aircraft,little,defense
2015-11-08,228804,215407,news,lagarde,fiscal,gcc,reuters,delayed,oil,countries,business,economic,international,gulf,low,minutes,prices,tax,learn,revenues,policies,thomson
2015-11-08,228929,228804,news,gcc,governments,spending,gulf,reuters,reforms,lagarde,oil,tax,countries,public,budget,finance,business,fiscal,urged,low,delayed,prices
2015-11-08,228971,225226,china,fiscal,million,business,sales,oil,joint,market,ntic,litigation,venture,compared,thats,naturtec,gas,north,america,significant,range,time
2015-11-09,229329,210465,psec,psecs,quarter,net,portfolio,million,fiscal,share,unrealized,projected,reported,companys,income,nav,investment,depreciation,company,clo,cp,investments
2015-11-10,230716,226471,quarter,fiscal,sales,earnings,officer,chairman,chief,energy,segment,million,gendron,compared,thomas,executive,president,line,call,aerospace,markets,growth
2015-11-10,231217,205679,fiscal,million,growth,projects,amerigas,weather,gas,businesses,ugi,business,capital,cost,significant,margin,strong,results,quarter,weve,lower,major
2015-11-10,231255,-1,eros,films,revenue,fiscal,company,movies,million,revenues,film,distributed,source,india,rights,office,box,indian,claims,companys,believe,released
2015-11-10,231522,224468,news,fiscal,eps,monsanto,savings,company,reuters,market,restructuring,expected,estimated,business,quarter,worlds,asreported,companys,earningspershare,million,charges,minutes
2015-11-10,231691,186256,quarter,million,fiscal,revenue,fourth,surmodics,device,products,product,share,actually,believe,call,thats,program,business,drug,customers,balloon,little
2015-11-10,231727,208585,news,morneau,finance,economic,reuters,government,update,minister,canada,pbo,budget,business,quebec,liberals,economy,fiscal,previous,report,minutes,federal
2015-11-11,231899,231691,quarter,fiscal,increased,ago,call,million,business,silver,demand,trading,customers,market,ounces,activity,statements,increase,products,logistics,precious,metals
2015-11-11,232335,186112,news,wage,minimum,government,increase,economic,abes,reuters,households,spending,policy,average,business,economy,minister,structural,lowincome,wages,minutes,month
2015-11-11,232407,184215,yen,spending,exports,consumer,japan,japanese,percent,pro,alpha,inflation,seeking,months,economy,significant,low,dollar,consumption,forward,look,indeed
2015-11-11,232903,208585,news,reuters,meirelles,finance,business,fiscal,levy,minister,adjustment,minutes,market,delayed,thomson,brasilia,continue,brazil,information,nomiyama,reported,widely
2015-11-11,232993,221386,company,fiscal,enersys,operating,power,emea,products,roughly,share,costs,shares,management,business,revenue,cost,pro,alpha,half,restructuring,currency
2015-11-11,233179,200345,tax,cuts,news,plans,spending,government,candidates,trillion,pay,republican,republicans,budget,revenue,foundation,revenues,according,senator,programs,taxes,economic
2015-11-11,233688,208766,news,fiscal,budget,million,shortfall,reuters,connecticuts,business,revenue,report,minutes,delayed,officials,expected,revenues,malloy,thomson,dannel,information,finance
2015-11-12,233379,212284,economic,site,policy,follow,link,banned,ecb,vs,financial,wed,monetary,risks,km,fiscal,crisis,low,rate,current,report,boris
2015-11-12,233936,201678,million,fiscal,quarter,fourth,propane,prior,lower,compared,expenses,results,gallons,common,integration,unit,call,weather,prices,customer,net,operating
2015-11-12,233945,204847,fiscal,site,credit,follow,link,banned,growth,china,policy,october,spending,percent,banks,government,stimulus,short,revenue,economy,reports,heres
2015-11-12,233975,-1,policy,monetary,david,argues,inflation,lacker,rule,investment,markets,rates,friedman,hilsenrath,merkel,risk,investing,fed,tavlas,blog,standard,write
2015-11-12,233977,-1,spending,budget,purchases,month,youll,book,spend,household,groceries,create,week,money,payment,spent,found,dont,accurate,saving,set,mortgage
2015-11-12,234236,225226,million,quarter,fiscal,business,sales,fiber,laser,highpower,net,fourth,lasers,revenue,expect,market,cost,strong,compared,exchange,impact,rate
2015-11-13,234477,226471,fiscal,chief,executive,officer,business,nick,million,ebitda,capital,cash,howley,chairman,acquisitions,yes,prior,businesses,commercial,sales,versus,thats
2015-11-13,234484,225277,fiscal,quarter,revenue,million,business,financial,call,cash,network,customer,results,product,networks,expect,base,weve,operating,nongaap,time,statements
2015-11-13,234497,186256,quarter,fiscal,million,veryx,compared,fourth,customers,north,america,significant,key,weve,solutions,product,market,expect,products,sales,increase,net
2015-11-13,234973,232407,consumer,spending,growth,economic,alpha,changes,seeking,economy,job,federal,policy,trends,readers,labor,student,recent,cost,pro,benefits,change
2015-11-13,235183,231255,fiscal,eros,films,released,revenue,company,revenues,film,list,movies,source,claims,million,theatrical,overstated,release,believe,investors,estimate,movie
2015-11-16,236862,221601,news,fiscal,support,japan,business,economy,reuters,lew,growth,treasury,domestic,finance,minutes,statement,delayed,secretary,term,thomson,stimulus,meeting
2015-11-16,236910,-1,spending,retail,consumer,company,quarter,consumers,industry,share,nordstrom,sector,debt,nyse,reason,kohls,slowdown,macys,ticket,dont,market,lower
2015-11-16,236934,184108,spending,total,domestic,gdp,market,consumer,revenue,index,pro,alpha,prices,growth,real,seeking,day,ema,beating,measure,week,lower
2015-11-16,237565,230716,million,fiscal,earnings,gas,energy,ebit,adjusted,increase,pipeline,utility,results,business,segment,call,growth,guidance,natural,wgl,related,commercial
2015-11-17,237905,228804,news,rubio,policies,fed,reuters,republican,washington,business,economic,candidate,fiscal,president,minutes,delayed,yellen,chair,marco,thomson,renominate,presidential
2015-11-17,238183,208585,news,jaitley,reuters,fiscal,finance,business,minister,minutes,delayed,target,growth,thomson,prefer,current,information,domestic,reducing,das,worlds,nasdaq
2015-11-17,238504,225277,nike,growth,billion,fiscal,sales,revenue,business,women,company,dtc,grow,training,basis,online,increase,average,europe,digital,comparison,pro
2015-11-17,238509,234497,million,quarter,compared,fiscal,sales,acquisition,ago,sgk,current,september,operating,companys,segment,related,aurora,income,primarily,increase,impact,expense
2015-11-17,238915,205934,fiscal,eu,policy,budget,france,pro,alpha,seeking,eurozone,deficit,gdp,security,thank,pact,spain,stability,portugal,loose,structural,shortly
2015-11-18,239434,225226,quarter,million,fiscal,business,growth,fourth,revenue,optical,prior,cash,macom,defense,call,radar,compared,basis,programs,market,question,flow
2015-11-18,239606,207971,euro,news,dollar,month,policy,ecb,easing,fiscal,tuesday,monetary,yields,overnight,bank,near,attacks,reuters,paris,minutes,expectations,market
2015-11-18,239635,-1,defense,spending,international,military,billion,lockheed,world,example,systems,east,boeing,alpha,global,watch,northrup,nyse,seeking,middle,budget,trend
2015-11-18,239639,232993,million,company,revenue,esnc,fiscal,solar,storage,backlog,sell,call,grid,kw,power,ppa,hawaii,energy,business,significant,installation,pro
2015-11-18,240482,210968,news,security,renzi,attacks,italy,budget,eu,spending,european,paris,rules,million,reuters,euro,france,countries,finance,business,minister,television
2015-11-19,240809,221386,billion,buybacks,spending,companies,dividends,percent,share,capital,spent,rd,income,reuters,time,nyse,shares,hp,net,pro,alpha,compared
2015-11-19,240991,201075,percent,news,fiscal,imf,reuters,inflation,growth,business,bank,gdp,international,fund,minutes,market,delayed,headline,ugandas,rate,forecast,thomson
2015-11-19,241346,231691,million,revenue,fiscal,quarter,rental,seismic,fourth,mean,products,market,compared,yeah,equipment,call,product,obx,expenses,thats,inventory,exploration
2015-11-20,241978,209085,fiscal,stores,store,sales,quarter,growth,million,increased,little,call,fourth,comp,net,price,comparable,continue,bit,average,kemper,look
2015-11-20,242264,241346,quarter,million,fiscal,solar,fourth,technology,market,compared,equipment,little,results,kingstone,bit,btu,tax,september,revenue,primarily,due,lot
2015-11-20,242272,225277,quarter,fiscal,million,volume,expenses,adjusted,metric,sugar,company,due,montreal,approximately,fourth,gross,margin,tonne,consulting,compared,tonnes,plan
2015-11-20,242624,224468,news,crisis,reuters,euros,spending,business,largest,technology,minutes,delayed,billion,capital,thomson,nonproduct,information,finance,worlds,base,nasdaq,alerts
2015-11-20,242887,231727,news,billion,fiscal,deficits,growth,deficit,liberals,economic,reuters,outlook,conservatives,surpluses,government,finance,business,balance,million,worse,adds,downwardly
2015-11-20,243152,242887,news,billion,fiscal,deficits,governments,liberal,update,liberals,reuters,outlook,market,promises,projected,forecast,growth,plans,deficit,conservative,morneau,cut
2015-11-22,243718,213118,qe,inflation,fiscal,fed,policy,rate,global,rates,economic,political,eurozone,central,ecb,economy,european,monetary,bank,currency,process,nations
2015-11-22,243869,224468,news,spending,osborne,britain,budget,percent,jets,defence,carriers,reuters,aircraft,finance,business,worlds,television,scale,international,saying,world,minutes
2015-11-22,243895,221546,cuts,news,osborne,spending,budget,austerity,voters,britains,cut,savings,cameron,minister,plan,reuters,london,services,government,local,police,pace
2015-11-23,244329,236862,news,government,economy,wage,reuters,minimum,stimulus,draft,percent,japans,growth,govt,japan,raise,tax,measures,plans,domestic,average,business
2015-11-23,244332,244329,news,draft,government,reuters,business,minister,economic,wage,abes,raise,improve,minutes,delayed,minimum,measures,plans,thomson,stimulus,energy,information
2015-11-23,244400,234973,spending,consumer,economy,percent,increase,dont,growth,quarter,economic,gdp,wages,pro,alpha,wont,seeking,impact,investors,level,consumers,month
2015-11-23,244918,196455,infrastructure,listed,global,investment,asset,assets,estate,returns,class,real,market,expected,investors,prices,investments,economic,stable,due,sector,fund
2015-11-24,245709,217266,percent,growth,pace,news,spending,rate,reported,quarter,gdp,revised,business,grew,previously,month,trade,domestic,third,economy,reuters,rising
2015-11-24,245857,237565,fiscal,million,slide,earnings,growth,financial,results,energy,nfe,njr,net,customers,performance,jersey,expected,call,midstream,strong,portfolio,customer
2015-11-25,246468,240991,fiscal,quarter,nextshares,funds,fourth,market,fee,fund,managed,rate,investment,billion,thats,bank,income,growth,tax,assets,business,million
2015-11-25,246635,224468,news,reuters,pesos,business,fiscal,million,minutes,delayed,billion,thomson,deficit,information,finance,ministry,worlds,nasdaq,economy,alerts,television,digital
2015-11-25,246638,243895,osborne,news,spending,cuts,government,services,deficit,cut,economic,reuters,surplus,britains,percent,tax,wednesday,plans,bring,decade,public,voters
2015-11-25,246694,244400,consumer,spending,percent,mobile,economy,phone,sales,exports,revised,gdp,demand,season,pro,alpha,growth,seeking,reported,fed,report,downwardly
2015-11-25,246859,216282,news,reuters,percent,budget,business,fiscal,gap,hit,minutes,delayed,narrow,thomson,information,domestic,finance,parliament,worlds,nasdaq,auyezov,alerts
2015-11-25,246860,246638,osborne,news,spending,cuts,surplus,britains,government,voters,budget,economic,meet,reuters,push,target,tax,services,wednesday,expected,deep,finance
2015-11-25,246862,246635,news,finance,fiscal,discipline,reuters,business,minutes,delayed,thomson,information,parliament,worlds,nasdaq,minister,alerts,television,economic,digital,video,international
2015-11-25,246992,217266,percent,news,spending,month,business,aircraft,september,reported,reuters,manufacturing,dollar,cuts,capital,energy,shipments,october,previously,minutes,surged,equipment
2015-11-25,246993,245709,percent,spending,consumer,news,september,savings,reuters,rising,quarter,economy,month,rose,third,business,economic,october,income,largest,level,minutes
2015-11-25,247261,246993,percent,spending,news,consumer,october,business,report,month,department,september,economy,rising,commerce,dollar,growth,energy,rose,savings,quarter,labor
2015-11-25,247448,244400,spending,income,revisions,economic,rate,savings,personal,growth,benchmark,economy,pce,nominal,estimates,actual,consumers,figures,economists,month,recovery,pro
2015-11-26,248368,219234,news,billion,budget,deficit,fiscal,ontario,canadas,hydro,reuters,forecast,current,business,revenue,april,initial,minutes,net,delayed,expects,helped
2015-11-26,248370,246635,news,deficit,budget,fiscal,reuters,billion,business,ontario,minutes,delayed,expects,government,thomson,information,finance,worlds,nasdaq,alerts,television,lowers
2015-11-27,248795,232903,government,news,million,foreign,business,reuters,network,sale,sell,selling,asset,reported,finance,minister,decision,earlier,value,australian,intranet,minutes
2015-11-27,248802,232335,budget,fiscal,news,extra,reuters,abe,economy,economic,japans,payouts,minister,lowincome,spending,cabinet,government,yen,steps,told,additional,japan
2015-11-27,248978,222658,news,percent,saudi,money,data,october,growth,supply,bank,economy,reuters,lending,government,budget,finance,cutbacks,spending,banks,business,released
2015-11-28,249589,243718,qe,policy,eurozone,fiscal,spending,economic,report,european,fed,global,monetary,economy,deficit,public,bank,osborne,rates,inflation,political,president
2015-11-29,250156,-1,infrastructure,news,campaign,clinton,clintons,billion,boston,plan,jobs,reuters,spending,hard,workers,hillary,presidential,candidate,democratic,november,investing,voters
2015-11-30,251069,229329,fsfr,net,quarter,fiscal,fsfrs,companys,nav,table,million,fourth,stock,reference,investment,am,investments,share,company,common,projecting,prior
2015-11-30,251258,221546,news,fiscal,reuters,congress,government,savings,business,brazils,week,law,minutes,bill,delayed,pay,oliveira,monday,target,ministries,bills,rent
2015-12-01,252110,219483,spending,housing,north,consumer,dakota,rise,utilities,care,economy,recent,biggest,health,prices,investment,layoffs,real,economics,comments,news,grew
2015-12-01,252138,246992,spending,percent,construction,news,manufacturing,dollar,november,government,outlays,business,october,level,energy,rose,economy,reuters,sector,month,index,cuts
2015-12-01,252140,252138,spending,construction,percent,news,outlays,october,reuters,level,government,rose,manufacturing,private,business,near,economy,largest,minutes,federal,delayed,rising
2015-12-01,252390,252110,spending,investment,business,economy,equipment,decline,businesses,prices,tax,time,real,economics,comments,labor,tractors,news,economic,similar,commodity,caused
2015-12-01,252410,252138,percent,news,spending,construction,manufacturing,economy,business,october,month,dollar,november,rates,sales,reported,fed,factory,reuters,economist,robust,private
2015-12-02,253599,225226,million,quarter,fiscal,fourth,projects,cost,compared,business,weve,call,revenues,little,bookings,canada,tax,half,backlog,time,income,production
2015-12-02,253801,218289,news,fiscal,government,congress,spending,primary,deficit,rousseff,delayed,percent,billion,reais,savings,reuters,law,pay,surplus,recession,debt,brazil
2015-12-02,253815,-1,news,infrastructure,airport,sources,london,city,bidders,billion,cki,times,pounds,pension,li,reuters,sale,ebitda,expected,comment,multiple,business
