docID,0,1,2,3,4,5,6,7,8,9,10,11,12,13,14
0,i,he,his,n't,she,go,her,know,there,me,into,see,him,how,first
1,i,he,say,his,n't,she,what,go,get,if,all,make,know,up,one
2,i,he,n't,she,what,if,her,my,make,know,which,them,me,people,take
3,i,he,say,they,his,n't,she,what,go,would,her,all,make,know,up
4,i,he,say,but,his,n't,she,or,what,go,can,her,all,my,know
5,i,he,say,they,but,his,n't,she,or,what,go,if,would,her,all
6,i,they,his,n't,she,get,her,know,them,me,take,into,just,him,now
7,i,he,say,his,n't,she,what,go,her,all,my,make,know,one,time
8,i,he,say,his,n't,she,what,if,would,her,my,make,one,time,think
9,i,he,say,they,but,his,n't,she,or,what,go,get,if,would,her
10,i,he,his,n't,take,him,man,find,give,woman,us,life,child,may,after
11,i,he,they,n't,she,or,get,if,her,up,there,year,so,them,me
12,i,that,he,say,they,but,his,from,n't,by,she,what,go,would,her
13,i,he,say,they,his,n't,she,or,what,go,if,her,my,make,know
14,i,he,say,they,but,his,n't,she,what,go,can,get,if,would,her
15,i,he,say,his,n't,she,what,go,get,her,know,there,so,think,them
16,i,he,say,his,n't,she,go,her,know,up,them,him,come,now,how
17,i,he,say,his,n't,she,go,her,my,up,time,there,them,me,people
18,i,that,he,say,they,but,his,n't,she,as,what,go,get,would,her
19,i,say,they,but,his,n't,she,what,go,get,her,all,make,know,year
20,i,n't,she,what,her,know,think,them,me,people,just,him,like,then,new
21,i,say,his,n't,she,go,if,her,make,know,them,me,take,out,see
22,i,he,they,his,n't,by,she,go,get,her,all,my,make,one,time
23,i,say,his,n't,she,or,go,get,make,know,up,time,there,think,me
24,i,he,say,they,his,n't,she,what,go,get,if,her,up,time,so
25,i,he,they,but,his,n't,she,go,get,her,all,make,know,up,time
26,i,he,say,they,but,his,n't,she,what,go,get,her,my,make,know
27,i,he,say,his,n't,she,her,people,him,now,how,also,man,many,woman
28,i,he,say,they,his,n't,she,or,what,go,can,get,would,her,all
29,i,he,say,but,his,n't,she,what,can,get,if,would,her,all,make
30,i,he,his,n't,by,she,go,if,her,my,year,so,them,me,people
31,i,he,say,his,n't,she,go,her,my,make,know,time,year,so,think
32,i,say,n't,she,if,her,my,up,there,think,me,take,see,come,how
33,i,he,say,his,n't,she,can,get,if,her,my,one,there,them,some
34,i,he,say,his,n't,she,or,what,go,get,would,her,all,my,know
35,i,he,say,his,n't,she,would,her,my,know,me,into,him,then,day
36,i,he,n't,she,her,him,way,man,only,woman,life,child,school,family,own
37,i,his,n't,she,her,him,man,woman,child,work,school,states,state,never,become
38,i,his,n't,she,her,me,man,find,tell,woman,child,world,school,too,become
39,i,his,n't,she,her,him,man,find,tell,woman,child,after,school,states,state
40,i,he,n't,she,her,man,woman,life,child,after,school,states,state,become,family
41,i,he,his,n't,she,her,him,man,woman,life,child,school,ask,never,become
42,i,he,his,n't,she,her,him,man,find,woman,child,school,try,ask,too
43,i,he,n't,she,her,know,him,day,man,find,woman,life,child,work,world
44,i,his,n't,she,her,people,come,man,find,thing,woman,life,child,down,world
45,i,he,say,his,n't,she,what,go,can,get,her,all,my,make,one
46,it,i,he,say,they,n't,she,what,go,who,get,her,my,know,so
47,i,he,say,his,n't,she,get,her,my,make,think,when,people,how,these
48,i,he,his,n't,she,her,him,day,man,woman,life,child,world,school,try
49,i,he,his,n't,she,who,her,know,him,day,man,find,thing,woman,life
50,i,he,n't,she,him,man,woman,life,child,school,too,feel,states,state,never
51,i,he,his,n't,she,her,when,him,day,man,here,many,woman,life,child
52,i,he,n't,she,her,him,day,man,find,thing,those,woman,life,child,after
53,i,he,say,they,but,his,n't,she,or,as,what,go,get,if,would
54,i,he,his,n't,go,who,get,if,my,into,see,him,come,man,find
55,i,he,say,they,but,his,n't,she,or,as,what,go,get,if,would
56,i,say,n't,she,her,year,them,could,now,then,two,new,give,many,well
57,i,he,say,they,but,his,n't,she,or,as,what,go,get,if,would
58,be,of,a,in,to,have,it,i,that,for,you,he,with,on,do
59,be,of,to,have,it,i,that,you,he,with,on,do,say,this,they
60,be,to,have,i,you,he,do,say,this,they,but,we,his,from,not
61,be,it,i,you,he,do,say,this,they,at,we,not,n't,she,or
62,be,have,it,i,that,for,you,he,with,do,say,this,at,but,we
63,have,i,you,with,do,say,at,but,not,n't,she,what,go,their,can
64,be,have,i,you,he,with,do,say,this,they,but,we,his,not,n't
65,i,they,n't,she,what,can,get,her,all,my,make,know,time,there,think
66,i,he,say,they,but,n't,she,or,what,go,can,get,if,her,my
67,i,he,say,they,but,his,n't,she,or,what,go,can,get,if,her
68,i,say,they,n't,she,what,can,get,if,her,all,my,make,know,time
69,i,he,they,his,n't,she,what,go,if,her,my,make,know,so,think
70,i,he,they,his,n't,go,can,get,my,make,know,there,so,think,them
71,that,he,but,his,n't,she,what,get,if,her,my,make,know,up,one
72,i,he,say,n't,she,or,what,go,can,get,if,her,all,my,make
73,i,they,n't,or,what,go,get,if,her,all,my,make,know,one,so
74,i,say,n't,she,what,go,can,get,if,my,know,there,think,them,people
75,i,he,say,they,his,n't,she,what,go,get,if,her,all,my,make
76,i,he,say,they,his,n't,she,or,what,go,can,get,her,my,make
77,i,he,say,they,n't,what,go,can,get,if,her,my,make,know,one
78,i,he,say,they,his,n't,she,what,get,if,her,all,my,make,know
79,i,he,his,n't,she,what,go,get,if,all,my,know,there,so,think
80,i,say,they,n't,she,what,go,can,get,if,her,my,make,know,one
81,i,he,say,they,but,n't,she,what,go,can,get,if,her,my,make
82,i,he,say,they,his,n't,she,what,go,get,her,all,my,make,know
83,i,say,but,his,n't,she,or,go,can,get,her,all,my,know,time
84,i,he,say,they,his,n't,she,what,go,get,if,her,all,my,know
85,i,he,say,they,his,n't,she,what,go,get,if,her,all,my,know
86,i,he,say,they,n't,she,what,go,can,get,if,her,all,my,know
87,i,he,say,his,n't,she,can,get,her,my,know,year,think,some,me
88,i,he,say,but,his,n't,she,go,get,her,my,one,year,so,think
89,i,he,say,they,but,his,n't,she,what,go,can,get,if,would,her
90,i,he,say,they,his,n't,she,or,what,go,can,get,would,her,all
91,i,he,say,his,n't,she,go,get,her,make,know,one,year,so,think
92,i,he,say,his,n't,by,she,what,get,if,her,all,my,make,know
93,i,he,say,they,but,his,n't,she,or,what,her,make,know,one,them
94,i,he,say,his,n't,she,go,her,my,make,one,them,me,people,him
95,i,he,say,his,n't,she,or,what,go,would,her,my,make,time,there
96,i,he,say,his,n't,she,go,her,make,so,people,take,him,come,how
97,i,say,they,n't,she,what,can,get,if,her,all,my,make,know,time
98,i,he,say,they,his,n't,she,go,can,get,her,all,know,up,time
99,i,n't,she,her,him,tell,woman,life,child,call,school,ask,feel,three,states
100,i,say,they,at,but,his,from,n't,she,or,what,go,can,get,if
101,i,n't,she,would,her,think,me,then,two,because,man,thing,give,well,tell
102,i,he,they,his,n't,she,what,go,if,her,my,make,know,so,think
103,i,he,say,his,n't,she,go,her,know,think,them,me,people,take,him
104,i,he,say,they,his,n't,she,or,what,go,get,would,her,my,know
105,i,he,say,his,from,n't,she,what,go,can,get,would,her,make,know
106,i,he,say,his,n't,she,or,what,go,get,if,would,her,all,my
107,i,he,they,n't,she,or,go,can,her,make,know,think,which,them,people
108,i,say,they,his,n't,she,or,go,would,her,all,my,know,one,so
109,i,he,say,they,but,his,n't,by,she,what,go,can,get,if,would
110,i,he,say,his,n't,she,go,her,my,know,up,year,think,some,me
111,i,that,he,say,they,at,but,his,from,n't,she,what,go,can,get
112,i,he,say,his,n't,she,can,get,her,make,one,think,them,me,people
113,i,he,but,n't,she,go,get,my,make,know,one,there,think,them,me
114,i,he,say,his,n't,she,get,her,know,year,think,which,them,me,people
115,i,he,on,say,they,his,n't,she,or,what,go,can,get,if,would
116,i,he,say,they,but,his,from,n't,she,or,as,what,go,if,would
117,i,that,he,on,say,they,his,n't,she,or,what,go,can,get,if
118,i,he,say,at,but,his,from,n't,she,or,as,what,go,can,would
119,i,he,say,at,but,his,n't,she,or,what,her,my,make,up,one
120,i,he,say,they,his,n't,she,as,go,can,get,if,her,all,my
121,i,he,say,at,but,his,n't,she,what,go,get,if,would,her,all
122,i,he,his,n't,she,or,go,can,would,her,my,make,know,up,there
123,i,he,n't,she,her,him,way,man,only,woman,life,child,school,family,own
124,i,he,say,his,n't,she,what,go,can,get,her,my,make,know,so
125,i,that,he,say,his,n't,she,or,what,go,can,get,if,would,her
126,i,he,on,say,they,but,his,n't,she,or,what,go,can,get,if
127,i,he,say,they,his,n't,she,go,can,her,my,make,know,up,think
128,i,he,say,they,his,n't,she,or,what,go,can,get,if,would,her
129,i,he,say,they,his,n't,she,what,can,get,her,all,my,know,one
130,i,he,say,his,n't,she,what,go,get,if,her,my,know,one,think
131,i,he,say,they,but,his,n't,she,or,go,can,get,if,her,all
132,i,he,say,his,n't,she,go,her,know,them,people,take,see,him,come
133,i,he,say,his,n't,she,what,go,get,her,know,there,so,think,them
134,i,he,his,n't,she,go,if,her,make,know,time,which,them,some,him
135,he,his,n't,she,go,get,her,my,know,one,me,people,him,like,two
136,i,he,say,his,n't,by,she,or,get,her,my,make,know,one,time
137,i,he,say,n't,she,her,know,one,think,them,me,people,into,him,way
138,i,n't,she,what,her,know,think,them,me,people,just,him,like,then,new
139,i,he,n't,she,go,get,her,know,up,them,me,people,take,him,could
140,i,say,n't,she,her,me,people,him,come,day,man,thing,give,tell,woman
141,i,he,say,his,n't,she,go,her,my,make,so,think,some,me,people
142,i,say,they,n't,she,or,go,her,all,my,make,so,think,which,some
143,i,he,say,n't,she,get,her,my,make,there,think,them,me,people,take
144,i,he,say,his,n't,she,what,go,get,her,my,make,know,think,me
145,i,say,n't,her,know,there,so,think,some,me,take,into,him,how,then
146,i,he,say,they,n't,she,what,go,get,would,her,know,there,so,think
147,i,he,his,n't,she,what,go,her,my,know,think,people,him,now,man
148,i,that,he,say,they,his,n't,she,what,go,get,if,her,my,make
149,i,say,his,n't,she,her,make,out,come,could,like,way,because,day,man
150,i,he,say,n't,she,go,her,think,some,take,him,come,now,way,new
151,i,he,say,his,n't,she,go,if,would,her,my,know,there,think,me
152,i,he,say,his,n't,she,would,her,my,know,me,into,him,then,day
153,i,he,say,n't,her,people,him,day,find,thing,those,tell,back,woman,life
154,i,he,say,they,his,n't,she,or,what,go,if,her,my,make,know
155,i,he,say,his,n't,she,or,what,go,her,my,make,know,one,time
156,i,his,n't,she,her,him,man,woman,child,work,school,states,state,never,become
157,i,he,say,his,n't,she,go,get,if,her,all,my,know,one,so
158,i,he,say,they,his,n't,she,or,what,go,get,if,would,her,all
159,i,he,say,they,n't,she,what,get,would,her,my,make,know,up,so
160,i,he,his,n't,she,who,her,him,man,find,woman,life,child,world,school
161,i,he,say,they,but,his,n't,she,what,go,can,get,would,her,all
162,i,he,say,his,n't,she,or,as,get,would,her,all,my,make,know
163,i,he,say,but,n't,she,what,go,can,get,her,my,make,know,up
164,i,he,say,they,but,his,n't,she,or,what,go,get,if,would,her
165,i,he,say,they,his,n't,she,what,go,get,if,would,her,my,make
166,i,he,say,they,his,n't,she,what,get,if,would,her,all,my,know
167,i,n't,she,her,man,thing,tell,woman,us,life,child,may,school,ask,feel
168,i,he,say,they,his,n't,she,what,get,if,would,her,all,make,know
169,i,he,say,they,his,n't,she,what,go,get,if,would,her,all,my
170,i,he,say,his,n't,go,can,if,my,know,there,year,think,some,me
171,i,he,say,his,n't,she,go,get,if,her,all,my,know,up,one
172,i,he,say,they,but,his,n't,she,what,go,get,if,her,all,my
173,i,n't,she,her,him,man,woman,life,child,world,school,try,state,never,family
174,i,he,say,they,his,n't,she,or,what,go,can,get,if,would,her
175,i,they,n't,she,go,get,if,would,her,my,make,know,think,me,take
176,i,n't,she,who,her,people,take,him,how,man,here,thing,give,many,tell
177,i,he,say,they,but,his,n't,she,or,as,what,go,get,if,would
178,i,his,n't,she,her,me,man,find,tell,woman,child,world,school,too,become
179,i,he,say,his,n't,she,what,go,can,get,if,would,her,my,make
180,i,say,they,n't,she,or,can,get,if,would,her,my,make,know,up
181,i,say,n't,by,she,what,go,get,would,her,all,my,make,know,up
182,i,he,his,n't,she,her,when,me,people,just,him,come,want,look,man
183,i,he,they,his,n't,she,what,her,all,my,make,so,think,me,people
184,i,he,say,they,his,n't,she,what,go,can,get,her,my,make,know
185,i,he,his,n't,she,who,her,him,want,man,find,here,woman,life,child
186,i,he,say,they,his,n't,go,make,know,think,them,me,people,just,him
187,i,he,say,they,his,n't,she,or,what,go,can,get,if,would,her
188,i,he,his,n't,she,her,him,two,way,man,here,thing,woman,life,child
189,i,he,say,they,but,his,n't,she,or,go,get,her,all,make,know
190,i,he,n't,she,who,would,her,so,man,find,thing,tell,even,good,woman
191,i,he,say,but,his,n't,she,what,go,get,her,my,know,up,year
192,i,he,say,they,but,his,n't,she,what,go,get,if,would,her,all
193,i,say,they,but,n't,she,what,go,get,her,all,my,know,there,so
194,i,he,his,n't,by,she,go,her,there,them,people,him,come,how,then
195,i,he,say,his,n't,she,what,would,her,make,up,so,me,out,him
196,i,his,n't,she,her,him,day,man,find,woman,child,work,should,school,try
197,i,n't,she,her,people,man,find,here,woman,life,child,down,world,school,too
198,i,he,say,they,his,n't,she,or,what,go,can,get,if,would,her
199,i,he,his,n't,she,what,go,get,if,would,her,my,know,think,people
200,i,his,n't,she,her,him,man,find,tell,woman,child,after,school,states,state
201,i,n't,she,get,if,her,my,make,time,me,into,just,see,him,come
202,i,he,say,n't,she,or,what,get,her,my,there,so,think,them,some
203,i,he,his,n't,she,go,get,her,my,know,think,me,into,see,him
204,i,he,say,his,n't,she,get,would,her,my,know,me,people,take,out
205,i,he,say,his,n't,she,or,what,go,can,get,her,my,make,know
206,i,say,they,n't,she,go,get,if,all,my,make,know,up,so,think
207,i,he,say,but,his,n't,she,what,go,get,if,her,all,my,know
208,i,he,say,his,n't,she,what,go,can,get,if,would,her,all,my
209,i,he,say,his,n't,she,or,what,go,can,get,if,would,her,my
210,i,they,n't,she,what,go,can,if,her,all,my,make,know,there,think
211,i,he,they,n't,she,get,her,all,make,so,think,him,come,now,way
212,i,he,say,they,his,n't,she,what,go,get,her,my,know,up,time
213,i,he,say,they,his,n't,she,or,go,can,get,if,would,her,all
214,i,he,say,they,at,n't,she,as,what,go,would,her,all,make,know
215,i,he,say,his,n't,she,go,get,if,her,my,know,me,people,him
216,i,he,say,they,n't,she,what,go,can,get,if,would,her,all,my
217,i,he,say,his,n't,she,what,go,can,get,if,would,her,my,make
218,i,he,say,they,but,his,n't,she,or,what,go,can,get,if,would
219,i,he,say,they,his,n't,she,go,get,would,her,all,know,up,there
220,i,his,n't,she,her,me,man,find,tell,woman,child,world,school,too,become
221,i,he,say,they,his,n't,she,go,can,her,make,know,one,so,them
222,i,he,say,but,his,n't,she,what,go,can,get,if,would,her,my
223,i,he,n't,she,her,man,woman,life,child,after,school,states,state,become,family
224,i,he,his,n't,she,her,him,day,man,woman,life,child,world,school,try
225,i,he,his,n't,she,her,when,him,day,man,here,many,woman,life,child
226,i,he,his,n't,she,go,her,know,there,me,into,see,him,how,first
227,i,he,say,his,n't,she,what,go,get,her,know,there,so,think,them
228,i,he,say,they,his,n't,she,what,can,get,her,make,know,them,some
229,i,he,his,n't,she,her,my,make,know,me,people,into,see,him,come
230,i,he,say,his,n't,she,what,go,get,if,her,make,know,one,there
231,i,he,say,but,his,n't,she,go,her,make,know,time,there,think,me
232,i,he,say,his,n't,by,she,or,get,her,my,make,know,one,time
233,i,say,n't,she,go,if,her,make,time,there,them,people,take,him,then
234,i,he,his,n't,she,her,him,man,woman,life,child,school,ask,never,become
235,i,he,his,n't,she,what,go,can,get,would,her,all,my,make,know
236,i,he,say,they,his,n't,by,she,or,what,her,all,make,know,one
237,i,they,his,n't,by,she,what,go,get,her,all,my,make,one,time
238,i,say,they,n't,she,go,can,get,her,my,know,one,year,them,me
239,i,he,do,say,they,n't,she,get,if,her,make,know,one,me,take
240,i,he,say,they,his,n't,she,go,can,would,her,my,one,year,so
241,i,he,say,his,n't,she,as,go,get,would,her,my,make,know,up
242,i,say,they,n't,she,go,can,get,if,her,my,make,know,year,so
243,i,he,say,they,but,his,n't,she,or,go,get,her,all,make,know
244,i,his,n't,she,her,him,man,find,tell,woman,child,after,school,states,state
245,i,he,say,they,at,but,his,n't,she,what,get,if,her,all,make
246,i,he,n't,she,her,man,woman,life,child,after,school,states,state,become,family
247,i,he,say,they,at,but,his,n't,she,what,get,if,her,all,make
248,i,his,n't,she,her,people,come,man,find,thing,woman,life,child,down,world
249,i,he,n't,she,him,man,woman,life,child,school,too,feel,states,state,never
250,i,he,say,they,but,his,n't,she,or,as,what,go,get,if,would
251,i,he,say,they,but,his,n't,she,or,as,what,go,get,if,would
252,i,he,say,his,n't,she,what,get,her,make,them,me,take,just,see
253,i,he,say,they,his,n't,she,go,get,if,her,all,make,know,there
254,i,he,say,they,his,n't,she,go,if,would,her,make,know,up,them
255,i,he,say,they,but,his,n't,she,or,as,what,go,get,if,would
256,i,he,on,say,they,his,n't,she,or,what,go,can,get,if,her
257,i,he,say,they,but,his,n't,she,what,go,can,get,if,her,my
258,i,he,on,say,they,his,n't,she,what,go,get,if,would,her,all
259,i,say,they,but,his,n't,she,what,go,get,her,all,make,know,year
260,i,n't,she,her,take,new,day,man,find,many,back,woman,life,child,work
261,i,n't,she,man,woman,school,feel,leave,old,student,country,american,show,against,week
262,i,he,say,his,n't,she,her,my,him,come,way,because,day,man,thing
263,i,he,his,n't,she,who,her,him,two,first,man,find,here,thing,give
264,i,he,say,they,but,his,n't,she,or,as,what,go,get,if,would
265,i,he,say,they,his,n't,by,she,what,can,get,if,her,all,my
266,i,he,they,his,not,n't,she,who,her,my,make,one,so,people,him
267,i,he,say,they,his,n't,she,go,can,her,make,know,one,so,them
268,i,he,say,they,but,his,n't,she,or,as,what,go,get,if,would
269,i,he,say,they,his,n't,she,as,what,go,get,her,my,make,know
270,i,he,his,n't,she,go,get,her,know,so,think,people,out,him,come
271,i,n't,she,her,man,woman,child,school,states,family,old,student,group,begin,country
272,i,he,say,they,his,n't,she,as,what,go,can,get,if,would,her
273,i,say,they,his,n't,she,what,go,her,my,make,know,think,them,me
274,i,he,say,they,his,n't,she,or,what,go,if,would,her,all,my
275,i,he,say,his,n't,she,who,her,people,him,come,want,look,man,thing
276,i,he,say,but,his,n't,she,go,get,her,make,up,year,them,just
277,i,he,say,they,but,his,n't,she,or,what,go,can,get,would,her
278,i,say,his,n't,she,what,can,get,if,would,her,make,know,so,think
279,i,his,n't,she,go,who,get,her,my,people,take,him,day,man,thing
280,i,he,say,they,his,n't,she,get,would,her,all,my,know,one,there
281,i,say,n't,she,go,her,so,me,people,take,him,come,now,two,way
282,i,he,say,his,n't,she,what,go,if,would,her,make,know,up,there
283,i,he,say,but,his,n't,she,get,her,my,know,there,them,me,people
284,i,he,say,they,his,n't,she,or,go,get,her,all,make,know,there
285,i,his,n't,she,her,my,me,him,man,find,here,many,tell,woman,child
286,i,he,say,they,but,his,n't,she,what,go,get,her,all,my,make
287,you,he,say,his,n't,she,go,if,her,all,my,make,will,so,them
288,i,n't,she,go,her,make,year,them,now,want,also,man,thing,give,well
289,i,he,say,his,n't,she,go,get,her,know,them,me,people,take,him
290,i,he,his,n't,she,her,them,me,him,our,man,thing,tell,woman,life
291,n't,she,come,new,man,give,woman,us,call,last,ask,family,leave,old,keep
292,have,it,i,that,he,do,say,they,at,but,we,n't,she,or,as
293,i,say,his,n't,her,make,take,him,your,could,our,two,want,look,day
294,n't,find,woman,child,call,become,family,old,student,group,country,help,talk,american,show
295,n't,she,go,her,them,him,man,give,well,tell,woman,child,after,school,three
296,say,n't,she,her,make,take,see,him,come,want,no,many,back,good,woman
297,n't,she,go,him,come,man,thing,give,woman,through,us,life,child,down,call
298,be,have,i,say,we,n't,by,what,go,get,if,her,my,know,will
299,i,you,do,say,we,n't,by,go,their,can,get,if,her,make,there
300,i,say,they,but,his,n't,she,what,go,can,get,if,would,her,my
301,i,do,we,n't,go,get,all,make,know,there,so,think,them,me,take
302,be,have,it,i,for,you,he,on,do,say,we,not,n't,by,what
303,have,it,i,you,on,do,say,we,not,n't,what,go,their,can,get
304,i,you,do,say,we,n't,by,what,go,get,if,her,all,my,make
305,i,he,n't,their,if,would,about,so,which,some,me,take,see,him,come
306,i,you,he,n't,get,if,her,all,my,know,time,there,year,think,which
307,be,have,i,you,he,do,say,we,not,n't,what,go,their,can,get
308,i,do,n't,by,what,go,their,can,would,her,all,my,make,know,time
309,be,have,it,i,for,you,he,do,say,we,not,n't,what,go,their
310,have,it,i,you,he,do,say,we,not,n't,go,their,can,if,would
311,i,he,say,but,his,n't,she,what,go,can,get,if,her,my,make
312,i,do,say,we,n't,by,what,their,can,if,would,her,my,make,about
313,i,you,do,say,we,n't,what,get,her,my,know,there,so,think,me
314,be,have,it,i,you,he,on,do,say,we,not,n't,by,what,go
315,he,they,we,his,n't,she,what,go,their,who,her,make,about,will,year
316,he,say,at,his,n't,she,go,can,get,her,my,make,about,know,will
317,i,he,but,we,his,n't,she,what,go,who,get,if,would,her,my
318,i,n't,she,what,if,her,my,make,know,will,there,so,think,them,some
319,i,he,say,we,his,n't,she,what,go,who,get,would,her,my,make
320,i,you,he,but,we,his,n't,she,go,get,if,her,make,know,one
321,i,he,we,his,n't,she,as,go,get,if,her,all,make,know,will
322,i,he,say,they,at,but,n't,she,what,go,can,get,if,her,all
323,i,but,n't,she,what,go,their,who,if,would,her,know,will,one,there
324,we,n't,she,what,go,get,if,her,all,about,know,will,up,one,there
325,have,i,he,say,but,his,n't,she,go,can,if,would,her,my,time
326,i,do,n't,she,their,my,make,year,so,when,some,take,just,see,other
327,i,say,n't,she,her,up,think,when,me,him,day,man,find,give,woman
328,i,n't,woman,life,child,call,try,ask,own,leave,student,seem,start,american,show
329,say,n't,her,first,man,give,tell,woman,child,call,school,try,ask,states,state
330,i,say,n't,she,her,there,year,your,come,want,look,first,new,day,here
331,i,say,n't,come,new,because,use,find,thing,give,only,woman,child,may,school
332,i,n't,she,her,time,him,come,other,want,look,also,day,man,find,tell
333,i,he,say,they,but,his,n't,she,what,go,can,get,if,her,my
334,i,he,his,n't,she,her,him,man,find,woman,child,school,try,ask,too
335,i,say,n't,your,want,many,woman,child,work,may,call,try,ask,need,states
336,i,n't,she,go,her,him,day,man,give,tell,good,woman,life,child,school
337,n't,come,tell,us,child,school,ask,three,states,never,become,family,leave,mean,great
338,be,have,it,i,you,he,with,do,say,this,they,we,his,not,n't
339,i,you,say,we,his,n't,she,who,her,my,know,time,there,think,when
340,be,it,i,you,he,with,do,say,this,they,at,we,his,not,n't
341,i,you,he,say,they,his,n't,she,what,go,their,can,get,her,all
342,i,for,with,do,say,this,they,at,but,we,not,n't,she,as,what
343,i,that,you,he,with,do,say,this,they,but,we,his,not,n't,she
344,i,you,with,do,say,they,we,from,not,n't,by,she,what,go,their
345,i,he,say,they,his,n't,she,what,go,can,get,her,all,make,know
346,i,you,he,do,this,but,we,his,from,n't,she,what,go,who,get
347,i,say,we,n't,she,get,her,my,know,up,them,me,take,into,just
348,i,you,do,we,not,n't,she,can,who,her,all,my,make,know,time
349,it,i,you,do,they,but,we,his,n't,by,she,what,can,get,her
350,i,you,he,do,say,but,we,his,not,n't,she,what,go,get,if
351,have,it,i,you,do,this,we,not,n't,by,she,what,go,their,can
352,have,i,you,with,say,they,his,from,not,n't,she,what,go,who,get
353,be,have,i,you,he,do,say,this,they,we,his,from,not,n't,she
354,be,it,i,you,he,with,do,say,they,at,but,we,his,n't,she
355,i,he,do,say,we,his,n't,she,what,go,can,if,her,my,make
356,i,he,n't,she,her,know,him,day,man,find,woman,life,child,work,world
357,i,you,do,they,but,we,his,not,n't,she,what,go,can,who,get
358,be,have,i,you,he,do,say,this,we,his,n't,she,what,go,can
359,be,have,i,you,he,with,do,they,we,his,from,n't,she,go,who
360,i,on,do,say,we,his,n't,by,she,go,who,get,if,her,my
361,say,we,n't,she,their,if,her,my,make,about,one,time,year,think,which
362,his,n't,she,go,who,her,know,up,one,there,me,take,just,see,him
363,i,n't,she,what,get,her,my,up,one,there,so,think,when,which,me
364,i,on,do,say,they,at,but,his,from,n't,by,she,what,go,their
365,i,on,do,say,this,they,at,but,his,n't,by,she,their,who,get
366,i,do,this,they,we,his,from,n't,by,she,go,get,if,her,my
367,i,he,n't,she,what,if,her,my,make,know,which,them,me,people,take
368,i,n't,she,go,her,think,me,people,take,now,like,then,look,first,man
369,i,on,do,say,this,they,at,but,we,his,from,n't,by,she,what
370,i,his,n't,what,go,get,if,my,make,up,one,time,year,so,think
371,i,on,do,say,this,they,at,but,we,his,from,n't,by,she,what
372,i,do,say,they,but,we,from,n't,by,she,go,their,get,if,her
373,i,he,n't,she,go,her,make,up,one,year,so,me,take,him,than
374,have,it,i,he,do,they,but,his,not,n't,by,she,as,what,go
375,i,do,n't,she,go,get,her,my,make,know,one,them,some,me,people
376,have,he,do,they,his,n't,she,what,can,who,get,if,her,my,about
377,do,his,n't,she,go,who,her,my,them,me,people,him,now,like,these
378,i,he,his,n't,she,or,go,get,her,all,make,know,up,there,so
379,n't,she,her,make,take,him,come,first,day,man,give,many,tell,good,woman
380,his,n't,she,go,get,her,make,there,me,him,come,way,because,day,find
381,his,n't,she,her,make,them,him,come,than,then,two,look,because,here,thing
382,i,n't,she,her,come,man,find,thing,woman,child,may,school,try,three,states
383,he,his,n't,she,her,year,him,two,day,man,woman,us,life,child,down
384,i,he,do,n't,by,she,who,her,my,make,which,some,me,him,like
385,i,do,his,n't,she,go,can,her,make,one,year,think,which,them,me
386,he,his,n't,my,some,me,take,out,him,come,other,two,new,day,man
387,i,n't,she,get,her,my,make,about,year,think,when,people,just,come,how
388,i,he,do,his,n't,by,she,what,go,get,her,my,make,one,there
389,i,his,n't,she,her,people,come,man,find,thing,woman,life,child,down,world
390,i,do,say,they,but,we,his,from,n't,by,or,what,go,who,if
391,i,he,do,say,this,at,we,n't,she,what,go,who,get,if,her
392,have,it,i,he,on,do,say,this,at,we,his,n't,or,as,what
393,be,it,i,he,say,at,we,his,n't,she,as,go,if,would,her
394,i,he,do,say,this,at,but,his,from,n't,by,she,what,go,their
395,i,but,his,n't,as,what,go,get,her,my,up,there,so,think,them
396,i,say,n't,or,go,make,know,time,there,year,think,which,some,people,take
397,i,he,do,this,we,n't,she,what,go,their,who,get,would,my,make
398,have,i,he,with,do,say,they,his,n't,she,as,go,who,get,would
399,have,i,for,he,do,say,they,at,but,we,his,n't,she,or,as
400,i,he,say,his,n't,she,get,if,her,my,make,time,think,which,me
401,i,n't,woman,child,family,leave,student,let,american,week,company,program,night,home,water
402,i,n't,her,man,woman,child,state,family,leave,while,student,let,begin,turn,american
403,n't,woman,life,states,state,family,while,begin,seem,country,american,place,each,always,move
404,i,n't,year,woman,life,states,state,family,old,while,student,begin,seem,country,american
405,i,he,his,n't,year,which,me,him,two,these,look,day,use,man,find
406,i,n't,man,woman,child,ask,states,state,leave,turn,problem,start,hand,american,against
407,i,n't,she,her,up,them,me,come,could,then,two,way,use,tell,even
408,i,n't,she,find,child,become,family,student,american,again,company,program,play,move,night
409,i,n't,she,day,man,find,child,become,family,while,keep,student,american,again,few
410,it,i,he,his,not,n't,she,go,get,would,her,make,up,year,when
411,i,say,n't,she,what,get,make,know,think,me,two,these,because,man,thing
412,be,have,i,for,he,with,do,say,this,we,his,not,n't,she,or
413,i,he,with,his,n't,what,go,can,if,my,there,year,them,take,out
414,his,n't,she,go,me,him,our,these,first,man,find,give,back,woman,us
415,i,his,n't,she,know,our,woman,try,ask,three,become,between,student,group,begin
416,be,i,do,they,we,his,from,n't,as,what,go,their,who,would,all
417,i,he,say,we,n't,what,go,who,make,about,know,will,up,one,time
418,i,n't,she,there,year,then,our,look,new,day,use,man,tell,woman,through
419,i,n't,she,people,man,tell,woman,life,child,call,school,feel,family,leave,let
420,i,n't,she,go,who,her,make,know,think,him,two,look,new,day,use
421,n't,man,give,tell,woman,states,leave,student,why,begin,turn,american,company,government,night
422,it,i,he,say,they,n't,she,what,go,who,get,her,my,know,so
423,i,n't,she,her,year,him,new,day,use,woman,life,child,call,school,ask
424,i,say,n't,her,my,will,year,me,take,see,your,now,our,want,way
425,i,n't,she,go,her,make,up,time,year,so,our,way,look,first,new
426,i,his,n't,she,get,her,year,take,him,our,two,want,look,man,thing
427,n't,she,man,woman,school,ask,family,student,great,begin,american,week,night,home,water
428,be,i,say,they,at,n't,she,as,their,if,would,her,make,there,year
429,i,he,do,say,his,from,n't,she,as,go,if,would,her,my,make
430,i,he,say,his,n't,she,go,would,her,one,him,come,our,two,use
431,i,n't,her,know,take,into,him,come,two,look,first,day,man,thing,woman
432,i,n't,her,time,year,take,see,come,now,than,these,look,first,also,use
433,i,he,say,they,his,n't,she,or,what,go,get,if,would,her,my
434,i,n't,she,her,take,him,our,two,look,first,also,day,use,man,thing
435,i,n't,she,her,know,year,into,him,come,now,other,our,these,first,also
436,i,n't,she,their,her,know,them,take,see,him,come,than,our,these,day
437,i,n't,she,her,see,him,come,these,look,first,day,use,man,thing,woman
438,i,n't,she,her,know,time,year,see,come,now,our,two,these,look,first
439,i,n't,she,their,her,know,year,them,take,into,see,him,come,now,than
440,i,n't,she,her,know,year,see,him,first,day,use,man,thing,well,woman
441,i,n't,she,her,know,year,take,him,come,now,other,our,look,also,day
442,i,his,n't,make,him,look,give,tell,woman,child,try,feel,states,state,another
443,i,n't,see,him,come,now,two,day,man,find,many,woman,life,child,call
444,i,say,his,from,n't,she,as,go,would,her,my,make,know,so,them
445,i,he,say,his,n't,she,get,her,my,make,think,when,people,how,these
446,i,say,n't,she,can,get,if,her,my,make,know,up,year,so,them
447,i,on,they,from,n't,she,or,as,what,go,can,if,would,her,all
448,i,but,n't,she,her,think,some,just,come,than,other,two,these,first,new
449,i,say,at,but,his,from,n't,she,or,as,what,can,get,if,her
450,i,his,n't,she,would,her,my,know,year,them,me,take,into,two,these
451,i,at,his,n't,she,as,what,can,get,if,would,her,all,my,make
452,i,n't,she,would,her,think,me,then,two,because,man,thing,give,well,tell
453,i,say,n't,she,get,if,her,all,my,know,up,time,so,me,take
454,i,that,say,they,at,but,his,from,n't,she,as,what,go,get,if
455,i,he,say,but,his,n't,she,go,can,get,her,all,my,make,know
456,i,say,they,n't,she,or,what,can,if,would,her,my,know,time,there
457,i,on,say,they,at,his,from,n't,she,or,what,can,get,if,would
458,i,n't,she,would,her,my,make,know,up,time,them,some,come,other,then
459,i,on,say,at,but,his,n't,she,or,what,go,get,if,would,her
460,i,say,n't,she,what,get,her,know,some,me,take,out,see,come,how
461,i,say,they,from,n't,she,as,if,would,her,all,make,know,up,there
462,i,n't,she,go,her,my,make,know,there,think,them,some,me,people,take
463,i,say,his,from,n't,she,or,what,can,get,if,would,her,all,my
464,i,say,his,n't,she,or,what,get,if,would,her,all,my,make,know
465,i,say,his,from,n't,she,or,go,can,get,would,her,make,know,up
466,i,he,say,his,from,n't,she,go,can,get,if,would,her,all,my
467,i,say,his,n't,she,or,her,my,make,know,one,year,so,think,me
468,i,he,say,they,but,his,n't,she,what,go,get,if,would,her,all
469,i,he,say,but,his,n't,she,or,what,go,would,her,all,my,make
470,i,he,say,they,his,n't,she,what,if,her,all,know,up,time,there
471,i,he,say,they,his,n't,she,what,can,get,if,her,my,know,one
472,i,he,say,they,his,n't,she,or,what,go,her,all,make,know,up
473,i,say,they,but,n't,she,what,go,can,get,would,her,all,my,make
474,i,he,say,they,his,from,n't,she,what,go,can,would,her,all,my
475,i,say,but,n't,she,or,what,go,get,if,would,her,all,my,make
476,i,he,say,but,his,n't,she,what,go,get,if,would,her,all,my
477,i,he,say,they,but,his,n't,she,or,what,go,her,my,make,know
478,i,he,say,they,his,n't,she,or,what,go,get,if,would,her,all
479,i,he,on,say,they,at,his,n't,by,she,or,what,go,can,get
480,i,say,they,but,n't,she,what,go,can,get,if,would,her,my,make
481,i,he,say,they,but,his,from,n't,she,what,get,her,all,my,make
482,i,say,they,n't,she,or,can,get,if,would,her,my,make,know,up
483,i,he,say,they,but,his,n't,she,what,go,can,get,if,would,her
484,i,he,say,his,n't,she,go,can,get,if,her,all,my,make,know
485,i,he,say,they,his,n't,she,what,go,can,get,if,would,her,my
486,i,he,say,at,his,n't,she,or,what,go,can,get,if,would,her
487,i,say,n't,by,she,what,go,get,would,her,all,my,make,know,up
488,i,he,say,his,n't,she,get,if,would,her,make,know,year,so,think
489,i,he,say,they,at,his,n't,she,or,as,what,go,get,if,would
490,i,he,his,n't,she,go,if,her,make,know,time,which,them,some,him
491,i,say,n't,her,know,there,so,think,some,me,take,into,him,how,then
492,i,n't,she,her,man,thing,tell,woman,us,life,child,may,school,ask,feel
493,i,he,say,they,but,his,n't,she,or,go,get,her,all,make,know
494,i,he,they,n't,she,get,her,all,make,so,think,him,come,now,way
495,i,he,on,say,they,his,n't,she,or,what,go,can,get,if,her
496,i,he,say,his,n't,she,go,get,her,know,them,me,people,take,him
497,i,say,they,but,his,n't,she,what,go,can,get,if,would,her,my
498,i,he,say,they,his,n't,she,what,go,can,get,her,all,make,know
